week,avg_cured,avg_swabs
9,11.857142,3018.1428
10,77.0,4115.7144
11,244.71428,10708.857
12,669.8571,19071.857
13,858.0,27946.857
14,1255.0,33918.715
15,1770.8572,45533.145
16,1834.8572,49478.285
17,2553.2856,57302.57
18,2389.4285,56587.57
19,3361.7144,58877.145
20,2855.7144,62721.145
